{
  "project_info": {
    "project_number": "470992522196",
    "firebase_url": "https://mychat-d565b.firebaseio.com",
    "project_id": "mychat-d565b",
    "storage_bucket": "mychat-d565b.appspot.com"
  },
  "client": [
    {
      "client_info": {
        "mobilesdk_app_id": "1:470992522196:android:2b4276dfcfbbbbd9",
        "android_client_info": {
          "package_name": "com.example.chaitanya.mychat"
        }
      },
      "oauth_client": [
        {
          "client_id": "470992522196-2rvrop47mnsp6bsofm7508is1m9a94gu.apps.googleusercontent.com",
          "client_type": 1,
          "android_info": {
            "package_name": "com.example.chaitanya.mychat",
            "certificate_hash": "efba82a45b22e7a91e28f3287a6fdfaba430ace3"
          }
        },
        {
          "client_id": "470992522196-ldlgh6mj7cnqa6dlqijes2kv7osceuq5.apps.googleusercontent.com",
          "client_type": 3
        }
      ],
      "api_key": [
        {
          "current_key": "AIzaSyDnRy9bQRX_6SO31xZkBC3zsqFrfNGno1M"
        }
      ],
      "services": {
        "analytics_service": {
          "status": 1
        },
        "appinvite_service": {
          "status": 2,
          "other_platform_oauth_client": [
            {
              "client_id": "470992522196-ldlgh6mj7cnqa6dlqijes2kv7osceuq5.apps.googleusercontent.com",
              "client_type": 3
            }
          ]
        },
        "ads_service": {
          "status": 2
        }
      }
    }
  ],
  "configuration_version": "1"
}